Avg Child Number;Avg Energy;Evg Life length;Number of animals;Number of free places;Popular genotype
0.0;23.0;0.0;10;111;[]
0.0;30.0;0.0;10;111;null
0.0;39.0;0.0;10;111;null
0.0;52.0;0.0;10;111;null
0.0;63.0;0.0;10;111;null
0.0;82.0;0.0;10;111;null
0.0;93.0;0.0;10;111;null
0.0;19.0;0.0;10;111;[]
0.0;22.0;0.0;10;111;[]
0.0;25.0;0.0;10;111;[]
0.0;32.0;0.0;10;111;[]
0.0;43.0;0.0;10;112;[]
0.0;60.0;0.0;10;111;[]
0.0;75.0;0.0;10;111;[]
0.0;19.0;0.0;10;112;[]
0.0;24.0;0.0;10;111;[]
0.0;31.0;0.0;10;111;[]
0.18181819;32.727272;0.0;11;112;"[Dna=[4, 1, 2, 4, 5, 0, 3, 7, 6, 5, 1, 4, 5, 5, 5, 2, 6, 2, 0, 4, 3, 0, 6, 3, 0, 3, 5, 4, 6, 0, 0, 2, 5, 3, 5, 7, 2, 0, 0, 3, 1, 1, 2, 3, 3, 2, 7, 3, 5, 4]=1]"
0.33333334;37.416668;0.0;12;112;"[Dna=[4, 1, 2, 4, 5, 0, 3, 7, 6, 5, 1, 4, 5, 5, 5, 2, 6, 2, 0, 4, 3, 0, 6, 3, 0, 3, 5, 4, 6, 0, 0, 2, 5, 3, 5, 7, 2, 0, 0, 3, 1, 1, 2, 3, 3, 2, 7, 3, 5, 4]=1, Dna=[2, 4, 5, 6, 3, 6, 4, 0, 4, 0, 5, 5, 3, 2, 6, 1, 3, 2, 0, 6, 3, 0, 5, 2, 0, 3, 6, 5, 2, 4, 0, 1, 7, 1, 4, 7, 6, 6, 3, 1, 1, 0, 7, 0, 2, 4, 7, 0, 7, 0]=1]"
0.46153846;44.384617;0.0;13;110;"[Dna=[4, 1, 2, 4, 5, 0, 3, 7, 6, 5, 1, 4, 5, 5, 5, 2, 6, 2, 0, 4, 3, 0, 6, 3, 0, 3, 5, 4, 6, 0, 0, 2, 5, 3, 5, 7, 2, 0, 0, 3, 1, 1, 2, 3, 3, 2, 7, 3, 5, 4]=1, Dna=[2, 4, 5, 6, 3, 6, 4, 0, 4, 0, 5, 5, 3, 2, 6, 1, 3, 2, 0, 6, 3, 0, 5, 2, 0, 3, 6, 5, 2, 4, 0, 1, 7, 1, 4, 7, 6, 6, 3, 1, 1, 0, 7, 0, 2, 4, 7, 0, 7, 0]=1, Dna=[2, 0, 5, 3, 3, 4, 2, 0, 6, 3, 5, 5, 0, 2, 6, 1, 3, 1, 1, 5, 3, 5, 7, 7, 0, 3, 5, 0, 3, 2, 0, 1, 3, 5, 4, 0, 2, 0, 3, 1, 1, 0, 7, 3, 2, 4, 7, 0, 7, 1]=1]"
0.5714286;54.57143;0.0;14;109;"[Dna=[4, 1, 2, 4, 5, 0, 3, 7, 6, 5, 1, 4, 5, 5, 5, 2, 6, 2, 0, 4, 3, 0, 6, 3, 0, 3, 5, 4, 6, 0, 0, 2, 5, 3, 5, 7, 2, 0, 0, 3, 1, 1, 2, 3, 3, 2, 7, 3, 5, 4]=1, Dna=[7, 1, 7, 4, 5, 3, 3, 6, 6, 7, 7, 4, 6, 5, 5, 6, 6, 3, 0, 4, 3, 0, 6, 3, 7, 3, 4, 4, 6, 0, 6, 2, 5, 4, 5, 1, 2, 6, 0, 3, 1, 0, 2, 3, 3, 2, 6, 3, 5, 4]=1, Dna=[2, 4, 5, 6, 3, 6, 4, 0, 4, 0, 5, 5, 3, 2, 6, 1, 3, 2, 0, 6, 3, 0, 5, 2, 0, 3, 6, 5, 2, 4, 0, 1, 7, 1, 4, 7, 6, 6, 3, 1, 1, 0, 7, 0, 2, 4, 7, 0, 7, 0]=1]"
0.0;23.0;0.0;10;111;"[Dna=[5, 1, 1, 5, 5, 6, 3, 7, 0, 0, 7, 3, 0, 5, 2, 5, 6, 5, 0, 7, 5, 3, 7, 2, 2, 4, 2, 0, 4, 6, 1, 4, 3, 1, 0, 4, 3, 0, 2, 0, 0, 5, 1, 3, 4, 3, 5, 7, 7, 3]=1, Dna=[6, 4, 1, 1, 4, 1, 2, 7, 6, 1, 4, 7, 1, 1, 6, 6, 4, 2, 5, 4, 0, 3, 4, 1, 7, 7, 7, 2, 7, 7, 3, 1, 6, 3, 1, 1, 6, 6, 6, 6, 1, 5, 1, 5, 4, 7, 0, 4, 6, 5]=1, Dna=[3, 2, 0, 0, 0, 2, 2, 0, 7, 3, 2, 3, 0, 5, 3, 6, 0, 2, 0, 1, 0, 6, 7, 6, 1, 6, 5, 3, 2, 3, 3, 0, 4, 1, 3, 5, 4, 1, 2, 4, 3, 2, 1, 2, 1, 3, 1, 5, 6, 1]=1]"
0.0;28.0;0.0;10;112;"[Dna=[5, 1, 1, 5, 5, 6, 3, 7, 0, 0, 7, 3, 0, 5, 2, 5, 6, 5, 0, 7, 5, 3, 7, 2, 2, 4, 2, 0, 4, 6, 1, 4, 3, 1, 0, 4, 3, 0, 2, 0, 0, 5, 1, 3, 4, 3, 5, 7, 7, 3]=1, Dna=[6, 4, 1, 1, 4, 1, 2, 7, 6, 1, 4, 7, 1, 1, 6, 6, 4, 2, 5, 4, 0, 3, 4, 1, 7, 7, 7, 2, 7, 7, 3, 1, 6, 3, 1, 1, 6, 6, 6, 6, 1, 5, 1, 5, 4, 7, 0, 4, 6, 5]=1, Dna=[3, 2, 0, 0, 0, 2, 2, 0, 7, 3, 2, 3, 0, 5, 3, 6, 0, 2, 0, 1, 0, 6, 7, 6, 1, 6, 5, 3, 2, 3, 3, 0, 4, 1, 3, 5, 4, 1, 2, 4, 3, 2, 1, 2, 1, 3, 1, 5, 6, 1]=1]"
0.0;39.0;0.0;10;112;"[Dna=[5, 1, 1, 5, 5, 6, 3, 7, 0, 0, 7, 3, 0, 5, 2, 5, 6, 5, 0, 7, 5, 3, 7, 2, 2, 4, 2, 0, 4, 6, 1, 4, 3, 1, 0, 4, 3, 0, 2, 0, 0, 5, 1, 3, 4, 3, 5, 7, 7, 3]=1, Dna=[6, 4, 1, 1, 4, 1, 2, 7, 6, 1, 4, 7, 1, 1, 6, 6, 4, 2, 5, 4, 0, 3, 4, 1, 7, 7, 7, 2, 7, 7, 3, 1, 6, 3, 1, 1, 6, 6, 6, 6, 1, 5, 1, 5, 4, 7, 0, 4, 6, 5]=1, Dna=[3, 2, 0, 0, 0, 2, 2, 0, 7, 3, 2, 3, 0, 5, 3, 6, 0, 2, 0, 1, 0, 6, 7, 6, 1, 6, 5, 3, 2, 3, 3, 0, 4, 1, 3, 5, 4, 1, 2, 4, 3, 2, 1, 2, 1, 3, 1, 5, 6, 1]=1]"
0.0;21.0;0.0;10;111;"[Dna=[2, 4, 5, 4, 5, 6, 7, 2, 6, 3, 2, 1, 1, 3, 6, 5, 7, 1, 0, 7, 5, 4, 0, 3, 0, 3, 5, 4, 3, 5, 6, 1, 3, 7, 6, 6, 7, 7, 0, 7, 6, 6, 7, 0, 7, 7, 6, 5, 0, 0]=1, Dna=[5, 7, 7, 3, 2, 6, 3, 6, 2, 6, 2, 0, 4, 3, 1, 5, 5, 2, 6, 5, 6, 5, 0, 6, 5, 6, 5, 6, 2, 4, 5, 0, 0, 0, 5, 1, 1, 0, 7, 2, 1, 0, 4, 7, 7, 6, 3, 0, 7, 6]=1, Dna=[2, 1, 3, 7, 4, 1, 0, 3, 0, 5, 1, 3, 7, 6, 2, 1, 7, 4, 1, 3, 3, 2, 5, 6, 1, 4, 4, 2, 4, 1, 0, 0, 0, 4, 4, 0, 5, 2, 3, 0, 6, 3, 3, 3, 3, 0, 5, 2, 5, 5]=1]"
0.0;26.0;0.0;10;111;"[Dna=[2, 4, 5, 4, 5, 6, 7, 2, 6, 3, 2, 1, 1, 3, 6, 5, 7, 1, 0, 7, 5, 4, 0, 3, 0, 3, 5, 4, 3, 5, 6, 1, 3, 7, 6, 6, 7, 7, 0, 7, 6, 6, 7, 0, 7, 7, 6, 5, 0, 0]=1, Dna=[5, 7, 7, 3, 2, 6, 3, 6, 2, 6, 2, 0, 4, 3, 1, 5, 5, 2, 6, 5, 6, 5, 0, 6, 5, 6, 5, 6, 2, 4, 5, 0, 0, 0, 5, 1, 1, 0, 7, 2, 1, 0, 4, 7, 7, 6, 3, 0, 7, 6]=1, Dna=[2, 1, 3, 7, 4, 1, 0, 3, 0, 5, 1, 3, 7, 6, 2, 1, 7, 4, 1, 3, 3, 2, 5, 6, 1, 4, 4, 2, 4, 1, 0, 0, 0, 4, 4, 0, 5, 2, 3, 0, 6, 3, 3, 3, 3, 0, 5, 2, 5, 5]=1]"
0.0;27.0;0.0;10;111;"[Dna=[2, 4, 5, 4, 5, 6, 7, 2, 6, 3, 2, 1, 1, 3, 6, 5, 7, 1, 0, 7, 5, 4, 0, 3, 0, 3, 5, 4, 3, 5, 6, 1, 3, 7, 6, 6, 7, 7, 0, 7, 6, 6, 7, 0, 7, 7, 6, 5, 0, 0]=1, Dna=[5, 7, 7, 3, 2, 6, 3, 6, 2, 6, 2, 0, 4, 3, 1, 5, 5, 2, 6, 5, 6, 5, 0, 6, 5, 6, 5, 6, 2, 4, 5, 0, 0, 0, 5, 1, 1, 0, 7, 2, 1, 0, 4, 7, 7, 6, 3, 0, 7, 6]=1, Dna=[2, 1, 3, 7, 4, 1, 0, 3, 0, 5, 1, 3, 7, 6, 2, 1, 7, 4, 1, 3, 3, 2, 5, 6, 1, 4, 4, 2, 4, 1, 0, 0, 0, 4, 4, 0, 5, 2, 3, 0, 6, 3, 3, 3, 3, 0, 5, 2, 5, 5]=1]"
0.0;30.0;0.0;10;111;"[Dna=[2, 4, 5, 4, 5, 6, 7, 2, 6, 3, 2, 1, 1, 3, 6, 5, 7, 1, 0, 7, 5, 4, 0, 3, 0, 3, 5, 4, 3, 5, 6, 1, 3, 7, 6, 6, 7, 7, 0, 7, 6, 6, 7, 0, 7, 7, 6, 5, 0, 0]=1, Dna=[5, 7, 7, 3, 2, 6, 3, 6, 2, 6, 2, 0, 4, 3, 1, 5, 5, 2, 6, 5, 6, 5, 0, 6, 5, 6, 5, 6, 2, 4, 5, 0, 0, 0, 5, 1, 1, 0, 7, 2, 1, 0, 4, 7, 7, 6, 3, 0, 7, 6]=1, Dna=[2, 1, 3, 7, 4, 1, 0, 3, 0, 5, 1, 3, 7, 6, 2, 1, 7, 4, 1, 3, 3, 2, 5, 6, 1, 4, 4, 2, 4, 1, 0, 0, 0, 4, 4, 0, 5, 2, 3, 0, 6, 3, 3, 3, 3, 0, 5, 2, 5, 5]=1]"
0.0;33.0;0.0;10;111;"[Dna=[2, 4, 5, 4, 5, 6, 7, 2, 6, 3, 2, 1, 1, 3, 6, 5, 7, 1, 0, 7, 5, 4, 0, 3, 0, 3, 5, 4, 3, 5, 6, 1, 3, 7, 6, 6, 7, 7, 0, 7, 6, 6, 7, 0, 7, 7, 6, 5, 0, 0]=1, Dna=[5, 7, 7, 3, 2, 6, 3, 6, 2, 6, 2, 0, 4, 3, 1, 5, 5, 2, 6, 5, 6, 5, 0, 6, 5, 6, 5, 6, 2, 4, 5, 0, 0, 0, 5, 1, 1, 0, 7, 2, 1, 0, 4, 7, 7, 6, 3, 0, 7, 6]=1, Dna=[2, 1, 3, 7, 4, 1, 0, 3, 0, 5, 1, 3, 7, 6, 2, 1, 7, 4, 1, 3, 3, 2, 5, 6, 1, 4, 4, 2, 4, 1, 0, 0, 0, 4, 4, 0, 5, 2, 3, 0, 6, 3, 3, 3, 3, 0, 5, 2, 5, 5]=1]"
0.0;38.0;0.0;10;111;"[Dna=[2, 4, 5, 4, 5, 6, 7, 2, 6, 3, 2, 1, 1, 3, 6, 5, 7, 1, 0, 7, 5, 4, 0, 3, 0, 3, 5, 4, 3, 5, 6, 1, 3, 7, 6, 6, 7, 7, 0, 7, 6, 6, 7, 0, 7, 7, 6, 5, 0, 0]=1, Dna=[5, 7, 7, 3, 2, 6, 3, 6, 2, 6, 2, 0, 4, 3, 1, 5, 5, 2, 6, 5, 6, 5, 0, 6, 5, 6, 5, 6, 2, 4, 5, 0, 0, 0, 5, 1, 1, 0, 7, 2, 1, 0, 4, 7, 7, 6, 3, 0, 7, 6]=1, Dna=[2, 1, 3, 7, 4, 1, 0, 3, 0, 5, 1, 3, 7, 6, 2, 1, 7, 4, 1, 3, 3, 2, 5, 6, 1, 4, 4, 2, 4, 1, 0, 0, 0, 4, 4, 0, 5, 2, 3, 0, 6, 3, 3, 3, 3, 0, 5, 2, 5, 5]=1]"
0.0;39.0;0.0;10;111;"[Dna=[2, 4, 5, 4, 5, 6, 7, 2, 6, 3, 2, 1, 1, 3, 6, 5, 7, 1, 0, 7, 5, 4, 0, 3, 0, 3, 5, 4, 3, 5, 6, 1, 3, 7, 6, 6, 7, 7, 0, 7, 6, 6, 7, 0, 7, 7, 6, 5, 0, 0]=1, Dna=[5, 7, 7, 3, 2, 6, 3, 6, 2, 6, 2, 0, 4, 3, 1, 5, 5, 2, 6, 5, 6, 5, 0, 6, 5, 6, 5, 6, 2, 4, 5, 0, 0, 0, 5, 1, 1, 0, 7, 2, 1, 0, 4, 7, 7, 6, 3, 0, 7, 6]=1, Dna=[2, 1, 3, 7, 4, 1, 0, 3, 0, 5, 1, 3, 7, 6, 2, 1, 7, 4, 1, 3, 3, 2, 5, 6, 1, 4, 4, 2, 4, 1, 0, 0, 0, 4, 4, 0, 5, 2, 3, 0, 6, 3, 3, 3, 3, 0, 5, 2, 5, 5]=1]"
0.0;44.0;0.0;10;111;"[Dna=[2, 4, 5, 4, 5, 6, 7, 2, 6, 3, 2, 1, 1, 3, 6, 5, 7, 1, 0, 7, 5, 4, 0, 3, 0, 3, 5, 4, 3, 5, 6, 1, 3, 7, 6, 6, 7, 7, 0, 7, 6, 6, 7, 0, 7, 7, 6, 5, 0, 0]=1, Dna=[5, 7, 7, 3, 2, 6, 3, 6, 2, 6, 2, 0, 4, 3, 1, 5, 5, 2, 6, 5, 6, 5, 0, 6, 5, 6, 5, 6, 2, 4, 5, 0, 0, 0, 5, 1, 1, 0, 7, 2, 1, 0, 4, 7, 7, 6, 3, 0, 7, 6]=1, Dna=[2, 1, 3, 7, 4, 1, 0, 3, 0, 5, 1, 3, 7, 6, 2, 1, 7, 4, 1, 3, 3, 2, 5, 6, 1, 4, 4, 2, 4, 1, 0, 0, 0, 4, 4, 0, 5, 2, 3, 0, 6, 3, 3, 3, 3, 0, 5, 2, 5, 5]=1]"
0.0;53.0;0.0;10;111;"[Dna=[2, 4, 5, 4, 5, 6, 7, 2, 6, 3, 2, 1, 1, 3, 6, 5, 7, 1, 0, 7, 5, 4, 0, 3, 0, 3, 5, 4, 3, 5, 6, 1, 3, 7, 6, 6, 7, 7, 0, 7, 6, 6, 7, 0, 7, 7, 6, 5, 0, 0]=1, Dna=[5, 7, 7, 3, 2, 6, 3, 6, 2, 6, 2, 0, 4, 3, 1, 5, 5, 2, 6, 5, 6, 5, 0, 6, 5, 6, 5, 6, 2, 4, 5, 0, 0, 0, 5, 1, 1, 0, 7, 2, 1, 0, 4, 7, 7, 6, 3, 0, 7, 6]=1, Dna=[2, 1, 3, 7, 4, 1, 0, 3, 0, 5, 1, 3, 7, 6, 2, 1, 7, 4, 1, 3, 3, 2, 5, 6, 1, 4, 4, 2, 4, 1, 0, 0, 0, 4, 4, 0, 5, 2, 3, 0, 6, 3, 3, 3, 3, 0, 5, 2, 5, 5]=1]"
0.0;60.0;0.0;10;112;"[Dna=[2, 4, 5, 4, 5, 6, 7, 2, 6, 3, 2, 1, 1, 3, 6, 5, 7, 1, 0, 7, 5, 4, 0, 3, 0, 3, 5, 4, 3, 5, 6, 1, 3, 7, 6, 6, 7, 7, 0, 7, 6, 6, 7, 0, 7, 7, 6, 5, 0, 0]=1, Dna=[5, 7, 7, 3, 2, 6, 3, 6, 2, 6, 2, 0, 4, 3, 1, 5, 5, 2, 6, 5, 6, 5, 0, 6, 5, 6, 5, 6, 2, 4, 5, 0, 0, 0, 5, 1, 1, 0, 7, 2, 1, 0, 4, 7, 7, 6, 3, 0, 7, 6]=1, Dna=[2, 1, 3, 7, 4, 1, 0, 3, 0, 5, 1, 3, 7, 6, 2, 1, 7, 4, 1, 3, 3, 2, 5, 6, 1, 4, 4, 2, 4, 1, 0, 0, 0, 4, 4, 0, 5, 2, 3, 0, 6, 3, 3, 3, 3, 0, 5, 2, 5, 5]=1]"
0.0;71.0;0.0;10;111;"[Dna=[2, 4, 5, 4, 5, 6, 7, 2, 6, 3, 2, 1, 1, 3, 6, 5, 7, 1, 0, 7, 5, 4, 0, 3, 0, 3, 5, 4, 3, 5, 6, 1, 3, 7, 6, 6, 7, 7, 0, 7, 6, 6, 7, 0, 7, 7, 6, 5, 0, 0]=1, Dna=[5, 7, 7, 3, 2, 6, 3, 6, 2, 6, 2, 0, 4, 3, 1, 5, 5, 2, 6, 5, 6, 5, 0, 6, 5, 6, 5, 6, 2, 4, 5, 0, 0, 0, 5, 1, 1, 0, 7, 2, 1, 0, 4, 7, 7, 6, 3, 0, 7, 6]=1, Dna=[2, 1, 3, 7, 4, 1, 0, 3, 0, 5, 1, 3, 7, 6, 2, 1, 7, 4, 1, 3, 3, 2, 5, 6, 1, 4, 4, 2, 4, 1, 0, 0, 0, 4, 4, 0, 5, 2, 3, 0, 6, 3, 3, 3, 3, 0, 5, 2, 5, 5]=1]"
0.0;84.0;0.0;10;111;"[Dna=[2, 4, 5, 4, 5, 6, 7, 2, 6, 3, 2, 1, 1, 3, 6, 5, 7, 1, 0, 7, 5, 4, 0, 3, 0, 3, 5, 4, 3, 5, 6, 1, 3, 7, 6, 6, 7, 7, 0, 7, 6, 6, 7, 0, 7, 7, 6, 5, 0, 0]=1, Dna=[5, 7, 7, 3, 2, 6, 3, 6, 2, 6, 2, 0, 4, 3, 1, 5, 5, 2, 6, 5, 6, 5, 0, 6, 5, 6, 5, 6, 2, 4, 5, 0, 0, 0, 5, 1, 1, 0, 7, 2, 1, 0, 4, 7, 7, 6, 3, 0, 7, 6]=1, Dna=[2, 1, 3, 7, 4, 1, 0, 3, 0, 5, 1, 3, 7, 6, 2, 1, 7, 4, 1, 3, 3, 2, 5, 6, 1, 4, 4, 2, 4, 1, 0, 0, 0, 4, 4, 0, 5, 2, 3, 0, 6, 3, 3, 3, 3, 0, 5, 2, 5, 5]=1]"
0.18181819;80.90909;0.0;11;112;"[Dna=[3, 0, 1, 2, 7, 3, 0, 1, 6, 5, 1, 0, 1, 2, 1, 6, 4, 3, 7, 6, 0, 0, 7, 2, 3, 6, 5, 3, 2, 4, 5, 0, 0, 0, 5, 1, 1, 0, 7, 2, 2, 3, 4, 7, 7, 6, 3, 0, 7, 6]=1, Dna=[2, 4, 5, 4, 5, 6, 7, 2, 6, 3, 2, 1, 1, 3, 6, 5, 7, 1, 0, 7, 5, 4, 0, 3, 0, 3, 5, 4, 3, 5, 6, 1, 3, 7, 6, 6, 7, 7, 0, 7, 6, 6, 7, 0, 7, 7, 6, 5, 0, 0]=1, Dna=[5, 7, 7, 3, 2, 6, 3, 6, 2, 6, 2, 0, 4, 3, 1, 5, 5, 2, 6, 5, 6, 5, 0, 6, 5, 6, 5, 6, 2, 4, 5, 0, 0, 0, 5, 1, 1, 0, 7, 2, 1, 0, 4, 7, 7, 6, 3, 0, 7, 6]=1]"
0.18181819;90.818184;0.0;11;110;"[Dna=[3, 0, 1, 2, 7, 3, 0, 1, 6, 5, 1, 0, 1, 2, 1, 6, 4, 3, 7, 6, 0, 0, 7, 2, 3, 6, 5, 3, 2, 4, 5, 0, 0, 0, 5, 1, 1, 0, 7, 2, 2, 3, 4, 7, 7, 6, 3, 0, 7, 6]=1, Dna=[2, 4, 5, 4, 5, 6, 7, 2, 6, 3, 2, 1, 1, 3, 6, 5, 7, 1, 0, 7, 5, 4, 0, 3, 0, 3, 5, 4, 3, 5, 6, 1, 3, 7, 6, 6, 7, 7, 0, 7, 6, 6, 7, 0, 7, 7, 6, 5, 0, 0]=1, Dna=[5, 7, 7, 3, 2, 6, 3, 6, 2, 6, 2, 0, 4, 3, 1, 5, 5, 2, 6, 5, 6, 5, 0, 6, 5, 6, 5, 6, 2, 4, 5, 0, 0, 0, 5, 1, 1, 0, 7, 2, 1, 0, 4, 7, 7, 6, 3, 0, 7, 6]=1]"
0.33333334;92.333336;0.0;12;111;"[Dna=[3, 0, 1, 2, 7, 3, 0, 1, 6, 5, 1, 0, 1, 2, 1, 6, 4, 3, 7, 6, 0, 0, 7, 2, 3, 6, 5, 3, 2, 4, 5, 0, 0, 0, 5, 1, 1, 0, 7, 2, 2, 3, 4, 7, 7, 6, 3, 0, 7, 6]=1, Dna=[2, 4, 5, 4, 5, 6, 7, 2, 6, 3, 2, 1, 1, 3, 6, 5, 7, 1, 0, 7, 5, 4, 0, 3, 0, 3, 5, 4, 3, 5, 6, 1, 3, 7, 6, 6, 7, 7, 0, 7, 6, 6, 7, 0, 7, 7, 6, 5, 0, 0]=1, Dna=[5, 7, 7, 3, 2, 6, 3, 6, 2, 6, 2, 0, 4, 3, 1, 5, 5, 2, 6, 5, 6, 5, 0, 6, 5, 6, 5, 6, 2, 4, 5, 0, 0, 0, 5, 1, 1, 0, 7, 2, 1, 0, 4, 7, 7, 6, 3, 0, 7, 6]=1]"
0.46153846;93.53846;0.0;13;110;"[Dna=[3, 0, 1, 2, 7, 3, 0, 1, 6, 5, 1, 0, 1, 2, 1, 6, 4, 3, 7, 6, 0, 0, 7, 2, 3, 6, 5, 3, 2, 4, 5, 0, 0, 0, 5, 1, 1, 0, 7, 2, 2, 3, 4, 7, 7, 6, 3, 0, 7, 6]=1, Dna=[2, 4, 5, 4, 5, 6, 7, 2, 6, 3, 2, 1, 1, 3, 6, 5, 7, 1, 0, 7, 5, 4, 0, 3, 0, 3, 5, 4, 3, 5, 6, 1, 3, 7, 6, 6, 7, 7, 0, 7, 6, 6, 7, 0, 7, 7, 6, 5, 0, 0]=1, Dna=[5, 7, 7, 3, 2, 6, 3, 6, 2, 6, 2, 0, 4, 3, 1, 5, 5, 2, 6, 5, 6, 5, 0, 6, 5, 6, 5, 6, 2, 4, 5, 0, 0, 0, 5, 1, 1, 0, 7, 2, 1, 0, 4, 7, 7, 6, 3, 0, 7, 6]=1]"
0.5714286;95.92857;0.0;14;109;"[Dna=[2, 4, 5, 4, 5, 6, 7, 2, 6, 3, 2, 1, 1, 3, 6, 5, 7, 1, 0, 7, 5, 4, 0, 3, 0, 3, 5, 4, 3, 5, 6, 1, 3, 7, 6, 6, 7, 7, 0, 7, 6, 6, 7, 0, 7, 7, 6, 5, 0, 0]=1, Dna=[5, 7, 7, 3, 2, 6, 3, 6, 2, 6, 2, 0, 4, 3, 1, 5, 5, 2, 6, 5, 6, 5, 0, 6, 5, 6, 5, 6, 2, 4, 5, 0, 0, 0, 5, 1, 1, 0, 7, 2, 1, 0, 4, 7, 7, 6, 3, 0, 7, 6]=1, Dna=[5, 7, 7, 3, 2, 6, 3, 6, 2, 6, 5, 0, 4, 3, 4, 5, 5, 7, 6, 5, 6, 6, 7, 6, 5, 5, 6, 0, 6, 3, 1, 0, 3, 5, 2, 3, 7, 2, 6, 3, 2, 6, 0, 6, 0, 3, 3, 4, 7, 7]=1]"
0.5714286;106.35714;0.0;14;108;"[Dna=[2, 4, 5, 4, 5, 6, 7, 2, 6, 3, 2, 1, 1, 3, 6, 5, 7, 1, 0, 7, 5, 4, 0, 3, 0, 3, 5, 4, 3, 5, 6, 1, 3, 7, 6, 6, 7, 7, 0, 7, 6, 6, 7, 0, 7, 7, 6, 5, 0, 0]=1, Dna=[5, 7, 7, 3, 2, 6, 3, 6, 2, 6, 2, 0, 4, 3, 1, 5, 5, 2, 6, 5, 6, 5, 0, 6, 5, 6, 5, 6, 2, 4, 5, 0, 0, 0, 5, 1, 1, 0, 7, 2, 1, 0, 4, 7, 7, 6, 3, 0, 7, 6]=1, Dna=[5, 7, 7, 3, 2, 6, 3, 6, 2, 6, 5, 0, 4, 3, 4, 5, 5, 7, 6, 5, 6, 6, 7, 6, 5, 5, 6, 0, 6, 3, 1, 0, 3, 5, 2, 3, 7, 2, 6, 3, 2, 6, 0, 6, 0, 3, 3, 4, 7, 7]=1]"
0.6666667;111.666664;0.0;15;108;"[Dna=[2, 4, 5, 4, 5, 6, 7, 2, 6, 3, 2, 1, 1, 3, 6, 5, 7, 1, 0, 7, 5, 4, 0, 3, 0, 3, 5, 4, 3, 5, 6, 1, 3, 7, 6, 6, 7, 7, 0, 7, 6, 6, 7, 0, 7, 7, 6, 5, 0, 0]=1, Dna=[5, 7, 7, 3, 2, 6, 3, 6, 2, 6, 2, 0, 4, 3, 1, 5, 5, 2, 6, 5, 6, 5, 0, 6, 5, 6, 5, 6, 2, 4, 5, 0, 0, 0, 5, 1, 1, 0, 7, 2, 1, 0, 4, 7, 7, 6, 3, 0, 7, 6]=1, Dna=[5, 7, 7, 3, 2, 6, 3, 6, 2, 6, 5, 0, 4, 3, 4, 5, 5, 7, 6, 5, 6, 6, 7, 6, 5, 5, 6, 0, 6, 3, 1, 0, 3, 5, 2, 3, 7, 2, 6, 3, 2, 6, 0, 6, 0, 3, 3, 4, 7, 7]=1]"
0.75;116.25;0.0;16;107;"[Dna=[2, 4, 5, 4, 5, 6, 7, 2, 6, 3, 2, 1, 1, 3, 6, 5, 7, 1, 0, 7, 5, 4, 0, 3, 0, 3, 5, 4, 3, 5, 6, 1, 3, 7, 6, 6, 7, 7, 0, 7, 6, 6, 7, 0, 7, 7, 6, 5, 0, 0]=1, Dna=[5, 7, 7, 3, 2, 6, 3, 6, 2, 6, 2, 0, 4, 3, 1, 5, 5, 2, 6, 5, 6, 5, 0, 6, 5, 6, 5, 6, 2, 4, 5, 0, 0, 0, 5, 1, 1, 0, 7, 2, 1, 0, 4, 7, 7, 6, 3, 0, 7, 6]=1, Dna=[5, 7, 7, 3, 2, 6, 3, 6, 2, 6, 5, 0, 4, 3, 4, 5, 5, 7, 6, 5, 6, 6, 7, 6, 5, 5, 6, 0, 6, 3, 1, 0, 3, 5, 2, 3, 7, 2, 6, 3, 2, 6, 0, 6, 0, 3, 3, 4, 7, 7]=1]"
0.6875;124.0625;20.0;17;107;"[Dna=[2, 4, 5, 4, 5, 6, 7, 2, 6, 3, 2, 1, 1, 3, 6, 5, 7, 1, 0, 7, 5, 4, 0, 3, 0, 3, 5, 4, 3, 5, 6, 1, 3, 7, 6, 6, 7, 7, 0, 7, 6, 6, 7, 0, 7, 7, 6, 5, 0, 0]=1, Dna=[5, 7, 7, 3, 2, 6, 3, 6, 2, 6, 2, 0, 4, 3, 1, 5, 5, 2, 6, 5, 6, 5, 0, 6, 5, 6, 5, 6, 2, 4, 5, 0, 0, 0, 5, 1, 1, 0, 7, 2, 1, 0, 4, 7, 7, 6, 3, 0, 7, 6]=1, Dna=[5, 7, 7, 3, 2, 6, 3, 6, 2, 6, 5, 0, 4, 3, 4, 5, 5, 7, 6, 5, 6, 6, 7, 6, 5, 5, 6, 0, 6, 3, 1, 0, 3, 5, 2, 3, 7, 2, 6, 3, 2, 6, 0, 6, 0, 3, 3, 4, 7, 7]=1]"
0.7647059;125.23529;20.0;18;106;"[Dna=[2, 6, 6, 4, 5, 3, 0, 1, 0, 5, 7, 4, 6, 4, 7, 2, 6, 6, 4, 4, 0, 6, 4, 0, 0, 3, 3, 1, 1, 7, 0, 5, 4, 2, 6, 7, 4, 0, 2, 4, 6, 3, 4, 1, 6, 3, 5, 3, 2, 2]=1, Dna=[2, 4, 5, 4, 5, 6, 7, 2, 6, 3, 2, 1, 1, 3, 6, 5, 7, 1, 0, 7, 5, 4, 0, 3, 0, 3, 5, 4, 3, 5, 6, 1, 3, 7, 6, 6, 7, 7, 0, 7, 6, 6, 7, 0, 7, 7, 6, 5, 0, 0]=1, Dna=[5, 7, 7, 3, 2, 6, 3, 6, 2, 6, 2, 0, 4, 3, 1, 5, 5, 2, 6, 5, 6, 5, 0, 6, 5, 6, 5, 6, 2, 4, 5, 0, 0, 0, 5, 1, 1, 0, 7, 2, 1, 0, 4, 7, 7, 6, 3, 0, 7, 6]=1]"
0.8947368;116.42105;20.0;20;106;"[Dna=[2, 6, 6, 4, 5, 3, 0, 1, 0, 5, 7, 4, 6, 4, 7, 2, 6, 6, 4, 4, 0, 6, 4, 0, 0, 3, 3, 1, 1, 7, 0, 5, 4, 2, 6, 7, 4, 0, 2, 4, 6, 3, 4, 1, 6, 3, 5, 3, 2, 2]=1, Dna=[2, 4, 5, 4, 5, 6, 7, 2, 6, 3, 2, 1, 1, 3, 6, 5, 7, 1, 0, 7, 5, 4, 0, 3, 0, 3, 5, 4, 3, 5, 6, 1, 3, 7, 6, 6, 7, 7, 0, 7, 6, 6, 7, 0, 7, 7, 6, 5, 0, 0]=1, Dna=[5, 7, 7, 3, 2, 6, 3, 6, 2, 6, 2, 0, 4, 3, 1, 5, 5, 2, 6, 5, 6, 5, 0, 6, 5, 6, 5, 6, 2, 4, 5, 0, 0, 0, 5, 1, 1, 0, 7, 2, 1, 0, 4, 7, 7, 6, 3, 0, 7, 6]=1]"
0.95;121.65;20.0;21;103;"[Dna=[2, 6, 6, 4, 5, 3, 0, 1, 0, 5, 7, 4, 6, 4, 7, 2, 6, 6, 4, 4, 0, 6, 4, 0, 0, 3, 3, 1, 1, 7, 0, 5, 4, 2, 6, 7, 4, 0, 2, 4, 6, 3, 4, 1, 6, 3, 5, 3, 2, 2]=1, Dna=[2, 4, 5, 4, 5, 6, 7, 2, 6, 3, 2, 1, 1, 3, 6, 5, 7, 1, 0, 7, 5, 4, 0, 3, 0, 3, 5, 4, 3, 5, 6, 1, 3, 7, 6, 6, 7, 7, 0, 7, 6, 6, 7, 0, 7, 7, 6, 5, 0, 0]=1, Dna=[5, 7, 7, 3, 2, 6, 3, 6, 2, 6, 2, 0, 4, 3, 1, 5, 5, 2, 6, 5, 6, 5, 0, 6, 5, 6, 5, 6, 2, 4, 5, 0, 0, 0, 5, 1, 1, 0, 7, 2, 1, 0, 4, 7, 7, 6, 3, 0, 7, 6]=1]"
1.125;107.208336;20.0;25;107;"[Dna=[1, 1, 5, 2, 0, 6, 2, 7, 6, 5, 7, 4, 0, 6, 3, 2, 1, 6, 6, 4, 4, 3, 2, 0, 0, 6, 3, 6, 4, 7, 0, 5, 4, 2, 2, 7, 4, 1, 1, 3, 0, 3, 4, 1, 7, 3, 5, 3, 6, 2]=1, Dna=[2, 6, 6, 4, 5, 3, 0, 1, 0, 5, 7, 4, 6, 4, 7, 2, 6, 6, 4, 4, 0, 6, 4, 0, 0, 3, 3, 1, 1, 7, 0, 5, 4, 2, 6, 7, 4, 0, 2, 4, 6, 3, 4, 1, 6, 3, 5, 3, 2, 2]=1, Dna=[2, 4, 5, 4, 5, 6, 7, 2, 6, 3, 2, 1, 1, 3, 6, 5, 7, 1, 0, 7, 5, 4, 0, 3, 0, 3, 5, 4, 3, 5, 6, 1, 3, 7, 6, 6, 7, 7, 0, 7, 6, 6, 7, 0, 7, 7, 6, 5, 0, 0]=1]"
1.25;98.89286;20.0;29;101;"[Dna=[5, 7, 7, 3, 2, 6, 3, 6, 2, 6, 2, 0, 4, 3, 1, 5, 5, 2, 6, 5, 6, 5, 0, 6, 5, 6, 5, 6, 2, 4, 5, 0, 0, 0, 5, 1, 1, 0, 7, 2, 1, 0, 4, 7, 7, 6, 3, 0, 7, 6]=1, Dna=[5, 4, 5, 2, 5, 4, 2, 7, 6, 5, 7, 4, 6, 4, 1, 2, 1, 0, 0, 4, 4, 7, 5, 0, 0, 6, 7, 6, 4, 7, 0, 7, 4, 2, 7, 6, 7, 1, 6, 3, 2, 4, 5, 2, 0, 3, 3, 1, 7, 7]=1, Dna=[3, 0, 4, 3, 1, 4, 5, 3, 2, 0, 4, 3, 7, 1, 7, 1, 1, 6, 6, 1, 5, 6, 4, 6, 5, 1, 4, 6, 6, 0, 4, 1, 4, 1, 3, 1, 0, 0, 3, 4, 3, 7, 4, 3, 3, 6, 5, 5, 1, 7]=1]"
1.3225807;96.80645;20.0;32;96;"[Dna=[5, 7, 7, 3, 2, 6, 3, 6, 2, 6, 2, 0, 4, 3, 1, 5, 5, 2, 6, 5, 6, 5, 0, 6, 5, 6, 5, 6, 2, 4, 5, 0, 0, 0, 5, 1, 1, 0, 7, 2, 1, 0, 4, 7, 7, 6, 3, 0, 7, 6]=1, Dna=[5, 4, 5, 2, 5, 4, 2, 7, 6, 5, 7, 4, 6, 4, 1, 2, 1, 0, 0, 4, 4, 7, 5, 0, 0, 6, 7, 6, 4, 7, 0, 7, 4, 2, 7, 6, 7, 1, 6, 3, 2, 4, 5, 2, 0, 3, 3, 1, 7, 7]=1, Dna=[3, 0, 4, 3, 1, 4, 5, 3, 2, 0, 4, 3, 7, 1, 7, 1, 1, 6, 6, 1, 5, 6, 4, 6, 5, 1, 4, 6, 6, 0, 4, 1, 4, 1, 3, 1, 0, 0, 3, 4, 3, 7, 4, 3, 3, 6, 5, 5, 1, 7]=1]"
1.4166666;89.166664;20.0;37;98;"[Dna=[5, 7, 7, 3, 2, 6, 3, 6, 2, 6, 2, 0, 4, 3, 1, 5, 5, 2, 6, 5, 6, 5, 0, 6, 5, 6, 5, 6, 2, 4, 5, 0, 0, 0, 5, 1, 1, 0, 7, 2, 1, 0, 4, 7, 7, 6, 3, 0, 7, 6]=1, Dna=[5, 4, 5, 2, 5, 4, 2, 7, 6, 5, 7, 4, 6, 4, 1, 2, 1, 0, 0, 4, 4, 7, 5, 0, 0, 6, 7, 6, 4, 7, 0, 7, 4, 2, 7, 6, 7, 1, 6, 3, 2, 4, 5, 2, 0, 3, 3, 1, 7, 7]=1, Dna=[3, 0, 4, 3, 1, 4, 5, 3, 2, 0, 4, 3, 7, 1, 7, 1, 1, 6, 6, 1, 5, 6, 4, 6, 5, 1, 4, 6, 6, 0, 4, 1, 4, 1, 3, 1, 0, 0, 3, 4, 3, 7, 4, 3, 3, 6, 5, 5, 1, 7]=1]"
1.5;80.809525;20.0;43;92;"[Dna=[5, 7, 7, 3, 2, 6, 3, 6, 2, 6, 2, 0, 4, 3, 1, 5, 5, 2, 6, 5, 6, 5, 0, 6, 5, 6, 5, 6, 2, 4, 5, 0, 0, 0, 5, 1, 1, 0, 7, 2, 1, 0, 4, 7, 7, 6, 3, 0, 7, 6]=1, Dna=[5, 4, 5, 2, 5, 4, 2, 7, 6, 5, 7, 4, 6, 4, 1, 2, 1, 0, 0, 4, 4, 7, 5, 0, 0, 6, 7, 6, 4, 7, 0, 7, 4, 2, 7, 6, 7, 1, 6, 3, 2, 4, 5, 2, 0, 3, 3, 1, 7, 7]=1, Dna=[2, 0, 4, 3, 2, 1, 0, 0, 3, 5, 2, 4, 2, 3, 3, 2, 6, 0, 4, 4, 0, 6, 4, 0, 0, 5, 6, 1, 1, 7, 0, 2, 4, 2, 6, 1, 4, 0, 2, 4, 6, 3, 4, 4, 6, 3, 5, 3, 2, 1]=1]"
1.58;71.84;20.0;51;94;"[Dna=[5, 7, 7, 3, 2, 6, 3, 6, 2, 6, 2, 0, 4, 3, 1, 5, 5, 2, 6, 5, 6, 5, 0, 6, 5, 6, 5, 6, 2, 4, 5, 0, 0, 0, 5, 1, 1, 0, 7, 2, 1, 0, 4, 7, 7, 6, 3, 0, 7, 6]=1, Dna=[1, 3, 1, 1, 2, 6, 2, 7, 6, 5, 7, 4, 7, 4, 3, 1, 6, 3, 6, 4, 4, 7, 5, 6, 6, 6, 3, 6, 4, 7, 0, 5, 4, 2, 7, 7, 1, 5, 6, 6, 2, 3, 4, 5, 2, 4, 3, 5, 7, 7]=1, Dna=[2, 0, 4, 3, 2, 1, 0, 0, 3, 5, 2, 4, 2, 3, 3, 2, 6, 0, 4, 4, 0, 6, 4, 0, 0, 5, 6, 1, 1, 7, 0, 2, 4, 2, 6, 1, 4, 0, 2, 4, 6, 3, 4, 4, 6, 3, 5, 3, 2, 1]=1]"
1.6111112;71.51852;20.0;55;84;"[Dna=[5, 7, 7, 3, 2, 6, 3, 6, 2, 6, 2, 0, 4, 3, 1, 5, 5, 2, 6, 5, 6, 5, 0, 6, 5, 6, 5, 6, 2, 4, 5, 0, 0, 0, 5, 1, 1, 0, 7, 2, 1, 0, 4, 7, 7, 6, 3, 0, 7, 6]=1, Dna=[1, 3, 1, 1, 2, 6, 2, 7, 6, 5, 7, 4, 7, 4, 3, 1, 6, 3, 6, 4, 4, 7, 5, 6, 6, 6, 3, 6, 4, 7, 0, 5, 4, 2, 7, 7, 1, 5, 6, 6, 2, 3, 4, 5, 2, 4, 3, 5, 7, 7]=1, Dna=[2, 0, 4, 3, 2, 1, 0, 0, 3, 5, 2, 4, 2, 3, 3, 2, 6, 0, 4, 4, 0, 6, 4, 0, 0, 5, 6, 1, 1, 7, 0, 2, 4, 2, 6, 1, 4, 0, 2, 4, 6, 3, 4, 4, 6, 3, 5, 3, 2, 1]=1]"
1.6557378;64.39344;20.0;62;84;"[Dna=[5, 7, 7, 3, 2, 6, 3, 6, 2, 6, 2, 0, 4, 3, 1, 5, 5, 2, 6, 5, 6, 5, 0, 6, 5, 6, 5, 6, 2, 4, 5, 0, 0, 0, 5, 1, 1, 0, 7, 2, 1, 0, 4, 7, 7, 6, 3, 0, 7, 6]=1, Dna=[3, 0, 1, 2, 7, 3, 0, 5, 6, 5, 1, 6, 1, 2, 3, 3, 4, 3, 7, 0, 6, 0, 4, 2, 5, 5, 6, 6, 6, 2, 0, 4, 3, 5, 5, 3, 7, 4, 6, 6, 6, 0, 2, 7, 7, 6, 3, 0, 0, 6]=1, Dna=[1, 3, 1, 1, 2, 6, 2, 7, 6, 5, 7, 4, 7, 4, 3, 1, 6, 3, 6, 4, 4, 7, 5, 6, 6, 6, 3, 6, 4, 7, 0, 5, 4, 2, 7, 7, 1, 5, 6, 6, 2, 3, 4, 5, 2, 4, 3, 5, 7, 7]=1]"
0.0;21.0;0.0;10;112;"[[3, 2, 6, 3, 1, 3, 2, 5, 2, 5, 0, 3, 2, 3, 0, 0, 0, 6, 1, 4, 7, 5, 2, 1, 4, 7, 6, 4, 6, 7, 7, 7, 2, 2, 7, 0, 1, 4, 1, 4, 1, 2, 3, 7, 2, 0, 0, 0, 7, 5, 0, 7, 6, 1, 0, 2, 0, 2, 2, 6, 3, 6, 1, 4, 0, 3, 0, 3, 1, 4, 2, 3, 7, 1, 5]=1, [6, 0, 3, 5, 0, 3, 5, 1, 5, 0, 5, 6, 6, 2, 2, 3, 1, 5, 5, 6, 2, 3, 5, 1, 6, 2, 1, 3, 5, 0, 7, 5, 6, 0, 7, 3, 1, 0, 2, 3, 2, 1, 2, 0, 0, 0, 5, 7, 2, 3, 0, 6, 5, 4, 3, 7, 5, 3, 6, 6, 7, 7, 7, 3, 2, 2, 6, 4, 3, 2, 6, 1, 7, 6, 4]=1, [3, 2, 7, 6, 3, 0, 1, 4, 1, 5, 2, 3, 6, 4, 5, 7, 6, 2, 1, 3, 2, 5, 3, 1, 3, 0, 0, 5, 4, 7, 4, 0, 3, 6, 2, 6, 0, 4, 5, 0, 6, 2, 3, 4, 6, 0, 6, 2, 1, 3, 1, 3, 3, 5, 5, 5, 3, 5, 5, 2, 4, 5, 4, 6, 1, 7, 2, 5, 1, 5, 5, 1, 2, 0, 4]=1]"
0.0;22.0;0.0;10;113;"[[3, 2, 6, 3, 1, 3, 2, 5, 2, 5, 0, 3, 2, 3, 0, 0, 0, 6, 1, 4, 7, 5, 2, 1, 4, 7, 6, 4, 6, 7, 7, 7, 2, 2, 7, 0, 1, 4, 1, 4, 1, 2, 3, 7, 2, 0, 0, 0, 7, 5, 0, 7, 6, 1, 0, 2, 0, 2, 2, 6, 3, 6, 1, 4, 0, 3, 0, 3, 1, 4, 2, 3, 7, 1, 5]=1, [6, 0, 3, 5, 0, 3, 5, 1, 5, 0, 5, 6, 6, 2, 2, 3, 1, 5, 5, 6, 2, 3, 5, 1, 6, 2, 1, 3, 5, 0, 7, 5, 6, 0, 7, 3, 1, 0, 2, 3, 2, 1, 2, 0, 0, 0, 5, 7, 2, 3, 0, 6, 5, 4, 3, 7, 5, 3, 6, 6, 7, 7, 7, 3, 2, 2, 6, 4, 3, 2, 6, 1, 7, 6, 4]=1, [3, 2, 7, 6, 3, 0, 1, 4, 1, 5, 2, 3, 6, 4, 5, 7, 6, 2, 1, 3, 2, 5, 3, 1, 3, 0, 0, 5, 4, 7, 4, 0, 3, 6, 2, 6, 0, 4, 5, 0, 6, 2, 3, 4, 6, 0, 6, 2, 1, 3, 1, 3, 3, 5, 5, 5, 3, 5, 5, 2, 4, 5, 4, 6, 1, 7, 2, 5, 1, 5, 5, 1, 2, 0, 4]=1]"
0.0;29.0;0.0;10;111;"[[3, 2, 6, 3, 1, 3, 2, 5, 2, 5, 0, 3, 2, 3, 0, 0, 0, 6, 1, 4, 7, 5, 2, 1, 4, 7, 6, 4, 6, 7, 7, 7, 2, 2, 7, 0, 1, 4, 1, 4, 1, 2, 3, 7, 2, 0, 0, 0, 7, 5, 0, 7, 6, 1, 0, 2, 0, 2, 2, 6, 3, 6, 1, 4, 0, 3, 0, 3, 1, 4, 2, 3, 7, 1, 5]=1, [6, 0, 3, 5, 0, 3, 5, 1, 5, 0, 5, 6, 6, 2, 2, 3, 1, 5, 5, 6, 2, 3, 5, 1, 6, 2, 1, 3, 5, 0, 7, 5, 6, 0, 7, 3, 1, 0, 2, 3, 2, 1, 2, 0, 0, 0, 5, 7, 2, 3, 0, 6, 5, 4, 3, 7, 5, 3, 6, 6, 7, 7, 7, 3, 2, 2, 6, 4, 3, 2, 6, 1, 7, 6, 4]=1, [3, 2, 7, 6, 3, 0, 1, 4, 1, 5, 2, 3, 6, 4, 5, 7, 6, 2, 1, 3, 2, 5, 3, 1, 3, 0, 0, 5, 4, 7, 4, 0, 3, 6, 2, 6, 0, 4, 5, 0, 6, 2, 3, 4, 6, 0, 6, 2, 1, 3, 1, 3, 3, 5, 5, 5, 3, 5, 5, 2, 4, 5, 4, 6, 1, 7, 2, 5, 1, 5, 5, 1, 2, 0, 4]=1]"
0.0;40.0;0.0;10;111;"[[3, 2, 6, 3, 1, 3, 2, 5, 2, 5, 0, 3, 2, 3, 0, 0, 0, 6, 1, 4, 7, 5, 2, 1, 4, 7, 6, 4, 6, 7, 7, 7, 2, 2, 7, 0, 1, 4, 1, 4, 1, 2, 3, 7, 2, 0, 0, 0, 7, 5, 0, 7, 6, 1, 0, 2, 0, 2, 2, 6, 3, 6, 1, 4, 0, 3, 0, 3, 1, 4, 2, 3, 7, 1, 5]=1, [6, 0, 3, 5, 0, 3, 5, 1, 5, 0, 5, 6, 6, 2, 2, 3, 1, 5, 5, 6, 2, 3, 5, 1, 6, 2, 1, 3, 5, 0, 7, 5, 6, 0, 7, 3, 1, 0, 2, 3, 2, 1, 2, 0, 0, 0, 5, 7, 2, 3, 0, 6, 5, 4, 3, 7, 5, 3, 6, 6, 7, 7, 7, 3, 2, 2, 6, 4, 3, 2, 6, 1, 7, 6, 4]=1, [3, 2, 7, 6, 3, 0, 1, 4, 1, 5, 2, 3, 6, 4, 5, 7, 6, 2, 1, 3, 2, 5, 3, 1, 3, 0, 0, 5, 4, 7, 4, 0, 3, 6, 2, 6, 0, 4, 5, 0, 6, 2, 3, 4, 6, 0, 6, 2, 1, 3, 1, 3, 3, 5, 5, 5, 3, 5, 5, 2, 4, 5, 4, 6, 1, 7, 2, 5, 1, 5, 5, 1, 2, 0, 4]=1]"
0.0;51.0;0.0;10;111;"[[3, 2, 6, 3, 1, 3, 2, 5, 2, 5, 0, 3, 2, 3, 0, 0, 0, 6, 1, 4, 7, 5, 2, 1, 4, 7, 6, 4, 6, 7, 7, 7, 2, 2, 7, 0, 1, 4, 1, 4, 1, 2, 3, 7, 2, 0, 0, 0, 7, 5, 0, 7, 6, 1, 0, 2, 0, 2, 2, 6, 3, 6, 1, 4, 0, 3, 0, 3, 1, 4, 2, 3, 7, 1, 5]=1, [6, 0, 3, 5, 0, 3, 5, 1, 5, 0, 5, 6, 6, 2, 2, 3, 1, 5, 5, 6, 2, 3, 5, 1, 6, 2, 1, 3, 5, 0, 7, 5, 6, 0, 7, 3, 1, 0, 2, 3, 2, 1, 2, 0, 0, 0, 5, 7, 2, 3, 0, 6, 5, 4, 3, 7, 5, 3, 6, 6, 7, 7, 7, 3, 2, 2, 6, 4, 3, 2, 6, 1, 7, 6, 4]=1, [3, 2, 7, 6, 3, 0, 1, 4, 1, 5, 2, 3, 6, 4, 5, 7, 6, 2, 1, 3, 2, 5, 3, 1, 3, 0, 0, 5, 4, 7, 4, 0, 3, 6, 2, 6, 0, 4, 5, 0, 6, 2, 3, 4, 6, 0, 6, 2, 1, 3, 1, 3, 3, 5, 5, 5, 3, 5, 5, 2, 4, 5, 4, 6, 1, 7, 2, 5, 1, 5, 5, 1, 2, 0, 4]=1]"
0.0;66.0;0.0;10;111;"[[3, 2, 6, 3, 1, 3, 2, 5, 2, 5, 0, 3, 2, 3, 0, 0, 0, 6, 1, 4, 7, 5, 2, 1, 4, 7, 6, 4, 6, 7, 7, 7, 2, 2, 7, 0, 1, 4, 1, 4, 1, 2, 3, 7, 2, 0, 0, 0, 7, 5, 0, 7, 6, 1, 0, 2, 0, 2, 2, 6, 3, 6, 1, 4, 0, 3, 0, 3, 1, 4, 2, 3, 7, 1, 5]=1, [6, 0, 3, 5, 0, 3, 5, 1, 5, 0, 5, 6, 6, 2, 2, 3, 1, 5, 5, 6, 2, 3, 5, 1, 6, 2, 1, 3, 5, 0, 7, 5, 6, 0, 7, 3, 1, 0, 2, 3, 2, 1, 2, 0, 0, 0, 5, 7, 2, 3, 0, 6, 5, 4, 3, 7, 5, 3, 6, 6, 7, 7, 7, 3, 2, 2, 6, 4, 3, 2, 6, 1, 7, 6, 4]=1, [3, 2, 7, 6, 3, 0, 1, 4, 1, 5, 2, 3, 6, 4, 5, 7, 6, 2, 1, 3, 2, 5, 3, 1, 3, 0, 0, 5, 4, 7, 4, 0, 3, 6, 2, 6, 0, 4, 5, 0, 6, 2, 3, 4, 6, 0, 6, 2, 1, 3, 1, 3, 3, 5, 5, 5, 3, 5, 5, 2, 4, 5, 4, 6, 1, 7, 2, 5, 1, 5, 5, 1, 2, 0, 4]=1]"
0.0;77.0;0.0;10;111;"[[3, 2, 6, 3, 1, 3, 2, 5, 2, 5, 0, 3, 2, 3, 0, 0, 0, 6, 1, 4, 7, 5, 2, 1, 4, 7, 6, 4, 6, 7, 7, 7, 2, 2, 7, 0, 1, 4, 1, 4, 1, 2, 3, 7, 2, 0, 0, 0, 7, 5, 0, 7, 6, 1, 0, 2, 0, 2, 2, 6, 3, 6, 1, 4, 0, 3, 0, 3, 1, 4, 2, 3, 7, 1, 5]=1, [6, 0, 3, 5, 0, 3, 5, 1, 5, 0, 5, 6, 6, 2, 2, 3, 1, 5, 5, 6, 2, 3, 5, 1, 6, 2, 1, 3, 5, 0, 7, 5, 6, 0, 7, 3, 1, 0, 2, 3, 2, 1, 2, 0, 0, 0, 5, 7, 2, 3, 0, 6, 5, 4, 3, 7, 5, 3, 6, 6, 7, 7, 7, 3, 2, 2, 6, 4, 3, 2, 6, 1, 7, 6, 4]=1, [3, 2, 7, 6, 3, 0, 1, 4, 1, 5, 2, 3, 6, 4, 5, 7, 6, 2, 1, 3, 2, 5, 3, 1, 3, 0, 0, 5, 4, 7, 4, 0, 3, 6, 2, 6, 0, 4, 5, 0, 6, 2, 3, 4, 6, 0, 6, 2, 1, 3, 1, 3, 3, 5, 5, 5, 3, 5, 5, 2, 4, 5, 4, 6, 1, 7, 2, 5, 1, 5, 5, 1, 2, 0, 4]=1]"
0.0;21.0;0.0;10;111;"[[6, 3, 5, 6, 6, 4, 6, 7, 1, 2, 1, 2, 5, 0, 7, 1, 6, 4, 5, 0, 3, 4, 2, 1, 0, 0, 2, 1, 0, 6, 7, 4, 4, 7, 7, 3, 5, 0, 4, 0, 3, 1, 3, 5, 0, 0, 0, 1, 6, 0]=1, [1, 4, 2, 4, 2, 4, 2, 0, 6, 3, 4, 6, 5, 3, 0, 7, 5, 5, 1, 3, 0, 5, 1, 4, 5, 7, 5, 2, 3, 2, 1, 2, 6, 7, 3, 1, 6, 4, 3, 6, 3, 4, 4, 3, 0, 1, 4, 3, 2, 5]=1, [2, 4, 0, 0, 6, 2, 0, 7, 2, 1, 5, 6, 3, 3, 5, 0, 0, 2, 3, 2, 6, 0, 5, 6, 3, 5, 3, 0, 0, 6, 4, 6, 4, 3, 1, 1, 5, 2, 7, 5, 7, 5, 3, 0, 4, 4, 2, 6, 3, 2]=1]"
0.0;24.0;0.0;10;113;"[[6, 3, 5, 6, 6, 4, 6, 7, 1, 2, 1, 2, 5, 0, 7, 1, 6, 4, 5, 0, 3, 4, 2, 1, 0, 0, 2, 1, 0, 6, 7, 4, 4, 7, 7, 3, 5, 0, 4, 0, 3, 1, 3, 5, 0, 0, 0, 1, 6, 0]=1, [1, 4, 2, 4, 2, 4, 2, 0, 6, 3, 4, 6, 5, 3, 0, 7, 5, 5, 1, 3, 0, 5, 1, 4, 5, 7, 5, 2, 3, 2, 1, 2, 6, 7, 3, 1, 6, 4, 3, 6, 3, 4, 4, 3, 0, 1, 4, 3, 2, 5]=1, [2, 4, 0, 0, 6, 2, 0, 7, 2, 1, 5, 6, 3, 3, 5, 0, 0, 2, 3, 2, 6, 0, 5, 6, 3, 5, 3, 0, 0, 6, 4, 6, 4, 3, 1, 1, 5, 2, 7, 5, 7, 5, 3, 0, 4, 4, 2, 6, 3, 2]=1]"
0.0;33.0;0.0;10;111;"[[6, 3, 5, 6, 6, 4, 6, 7, 1, 2, 1, 2, 5, 0, 7, 1, 6, 4, 5, 0, 3, 4, 2, 1, 0, 0, 2, 1, 0, 6, 7, 4, 4, 7, 7, 3, 5, 0, 4, 0, 3, 1, 3, 5, 0, 0, 0, 1, 6, 0]=1, [1, 4, 2, 4, 2, 4, 2, 0, 6, 3, 4, 6, 5, 3, 0, 7, 5, 5, 1, 3, 0, 5, 1, 4, 5, 7, 5, 2, 3, 2, 1, 2, 6, 7, 3, 1, 6, 4, 3, 6, 3, 4, 4, 3, 0, 1, 4, 3, 2, 5]=1, [2, 4, 0, 0, 6, 2, 0, 7, 2, 1, 5, 6, 3, 3, 5, 0, 0, 2, 3, 2, 6, 0, 5, 6, 3, 5, 3, 0, 0, 6, 4, 6, 4, 3, 1, 1, 5, 2, 7, 5, 7, 5, 3, 0, 4, 4, 2, 6, 3, 2]=1]"
0.0;44.0;0.0;10;111;"[[6, 3, 5, 6, 6, 4, 6, 7, 1, 2, 1, 2, 5, 0, 7, 1, 6, 4, 5, 0, 3, 4, 2, 1, 0, 0, 2, 1, 0, 6, 7, 4, 4, 7, 7, 3, 5, 0, 4, 0, 3, 1, 3, 5, 0, 0, 0, 1, 6, 0]=1, [1, 4, 2, 4, 2, 4, 2, 0, 6, 3, 4, 6, 5, 3, 0, 7, 5, 5, 1, 3, 0, 5, 1, 4, 5, 7, 5, 2, 3, 2, 1, 2, 6, 7, 3, 1, 6, 4, 3, 6, 3, 4, 4, 3, 0, 1, 4, 3, 2, 5]=1, [2, 4, 0, 0, 6, 2, 0, 7, 2, 1, 5, 6, 3, 3, 5, 0, 0, 2, 3, 2, 6, 0, 5, 6, 3, 5, 3, 0, 0, 6, 4, 6, 4, 3, 1, 1, 5, 2, 7, 5, 7, 5, 3, 0, 4, 4, 2, 6, 3, 2]=1]"
0.0;57.0;0.0;10;111;"[[6, 3, 5, 6, 6, 4, 6, 7, 1, 2, 1, 2, 5, 0, 7, 1, 6, 4, 5, 0, 3, 4, 2, 1, 0, 0, 2, 1, 0, 6, 7, 4, 4, 7, 7, 3, 5, 0, 4, 0, 3, 1, 3, 5, 0, 0, 0, 1, 6, 0]=1, [1, 4, 2, 4, 2, 4, 2, 0, 6, 3, 4, 6, 5, 3, 0, 7, 5, 5, 1, 3, 0, 5, 1, 4, 5, 7, 5, 2, 3, 2, 1, 2, 6, 7, 3, 1, 6, 4, 3, 6, 3, 4, 4, 3, 0, 1, 4, 3, 2, 5]=1, [2, 4, 0, 0, 6, 2, 0, 7, 2, 1, 5, 6, 3, 3, 5, 0, 0, 2, 3, 2, 6, 0, 5, 6, 3, 5, 3, 0, 0, 6, 4, 6, 4, 3, 1, 1, 5, 2, 7, 5, 7, 5, 3, 0, 4, 4, 2, 6, 3, 2]=1]"
0.33333334;56.666668;0.0;12;114;"[[6, 3, 5, 6, 6, 4, 6, 7, 1, 2, 1, 2, 5, 0, 7, 1, 6, 4, 5, 0, 3, 4, 2, 1, 0, 0, 2, 1, 0, 6, 7, 4, 4, 7, 7, 3, 5, 0, 4, 0, 3, 1, 3, 5, 0, 0, 0, 1, 6, 0]=1, [1, 4, 2, 4, 2, 4, 2, 0, 6, 3, 4, 6, 5, 3, 0, 7, 5, 5, 1, 3, 0, 5, 1, 4, 5, 7, 5, 2, 3, 2, 1, 2, 6, 7, 3, 1, 6, 4, 3, 6, 3, 4, 4, 3, 0, 1, 4, 3, 2, 5]=1, [2, 4, 0, 0, 6, 2, 0, 7, 2, 1, 5, 6, 3, 3, 5, 0, 0, 2, 3, 2, 6, 0, 5, 6, 3, 5, 3, 0, 0, 6, 4, 6, 4, 3, 1, 1, 5, 2, 7, 5, 7, 5, 3, 0, 4, 4, 2, 6, 3, 2]=1]"
